{
  "Routes": [
    {
      "DownstreamPathTemplate": "/WeatherForecast",
      "DownstreamScheme": "https",
      "DownstreamHostAndPorts": [
        {
          "Host": "localhost",
          "Port": 44395
        },
        {
          "Host": "localhost",
          "Port": 44396
        }
      ],
      "UpstreamPathTemplate": "/gateway/WeatherForecast",
      "UpstreamHttpMethod": [ "POST", "PUT", "GET", "DELETE" ],
      "LoadBalancerOptions": {
        "Type": "RoundRobin"
      }
    }
  ]
}